<?xml version="1.0" encoding="UTF-8"?>
<web-app xmlns:xsi="http://www.w3.org/2001/XMLSchema-instance" xmlns="https://jakarta.ee/xml/ns/jakartaee" xsi:schemaLocation="https://jakarta.ee/xml/ns/jakartaee https://jakarta.ee/xml/ns/jakartaee/web-app_6_0.xsd" id="WebApp_ID" version="6.0">
  <display-name>MVC</display-name>
  <welcome-file-list>
    <welcome-file>index.html</welcome-file>
    <welcome-file>index.jsp</welcome-file>
    <welcome-file>index.htm</welcome-file>
    <welcome-file>default.html</welcome-file>
    <welcome-file>default.jsp</welcome-file>
    <welcome-file>default.htm</welcome-file>
  </welcome-file-list>
  <servlet>
    <description></description>
    <display-name>LoginServlet</display-name>
    <servlet-name>LoginServlet</servlet-name>
    <servlet-class>com.company.MVC.LoginServlet</servlet-class>
  </servlet>
  <servlet-mapping>
    <servlet-name>LoginServlet</servlet-name>
    <url-pattern>/LoginServlet</url-pattern>
  </servlet-mapping>
  <servlet>
    <description></description>
    <display-name>UserServlet</display-name>
    <servlet-name>UserServlet</servlet-name>
    <servlet-class>com.company.MVC.UserServlet</servlet-class>
  </servlet>
  <servlet-mapping>
    <servlet-name>UserServlet</servlet-name>
    <url-pattern>/UserServlet</url-pattern>
  </servlet-mapping>
</web-app>